"date","M.BCPI","M.BCNE","M.ENER","M.MTLS","M.FOPR","M.AGRI","M.FISH"
"1972-01-01","100.00","100.00","100.00","100.00","100.00","100.00","100.00"
"1972-02-01","100.40","100.53","99.78","100.74","100.12","101.20","88.89"
"1972-03-01","101.11","101.35","100.05","101.38","100.24","102.53","98.97"
"1972-04-01","101.16","101.45","99.84","101.21","100.95","102.08","103.10"
"1972-05-01","101.88","102.30","100.00","101.25","102.32","103.53","86.30"
"1972-06-01","102.10","102.53","100.16","100.87","102.94","103.65","90.70"
"1972-07-01","103.70","104.46","100.32","100.59","105.00","106.87","97.42"
"1972-08-01","104.81","105.61","101.21","101.18","105.13","109.42","101.03"
"1972-09-01","105.80","106.83","101.21","102.86","105.31","111.26","105.94"
"1972-10-01","106.49","107.68","101.16","102.69","106.86","112.13","107.24"
"1972-11-01","107.78","109.19","101.58","102.02","107.05","116.16","126.87"
"1972-12-01","110.33","112.33","101.64","102.62","107.05","125.35","115.50"
"1973-01-01","114.42","116.75","104.30","106.83","108.90","132.48","128.94"
"1973-02-01","117.58","120.66","104.39","111.75","114.27","134.98","110.85"
"1973-03-01","122.04","126.10","104.88","120.56","122.32","136.02","108.79"
"1973-04-01","124.13","128.42","106.04","123.89","126.45","135.96","114.73"
"1973-05-01","130.09","134.89","109.94","128.00","130.31","146.78","112.66"
"1973-06-01","134.35","139.62","112.39","135.25","124.86","161.21","95.09"
"1973-07-01","141.44","148.14","114.06","142.97","125.66","178.00","127.39"
"1973-08-01","149.73","158.29","115.52","144.01","125.41","208.87","120.67"
"1973-09-01","147.38","154.17","119.49","145.03","128.75","190.54","126.87"
"1973-10-01","146.52","153.04","119.68","150.72","129.40","182.27","127.65"
"1973-11-01","150.16","156.44","124.12","159.64","127.37","187.56","154.01"
"1973-12-01","153.31","158.57","131.07","161.89","127.30","192.93","140.57"
"1974-01-01","163.36","164.36","156.35","163.21","130.51","205.89","131.78"
"1974-02-01","171.72","170.25","173.12","175.89","131.55","213.03","139.53"
"1974-03-01","170.72","169.04","172.91","188.66","136.36","194.03","121.45"
"1974-04-01","173.58","172.59","173.23","205.88","146.49","180.47","147.80"
"1974-05-01","171.59","169.67","174.64","213.58","144.58","171.19","129.97"
"1974-06-01","170.19","167.60","175.74","202.30","141.43","176.14","104.65"
"1974-07-01","179.07","174.62","191.52","187.52","148.62","195.52","134.63"
"1974-08-01","180.91","175.41","197.46","187.87","145.54","201.70","125.58"
"1974-09-01","177.01","170.63","197.27","174.45","143.46","199.28","136.95"
"1974-10-01","181.03","173.56","205.73","170.25","145.43","209.36","124.55"
"1974-11-01","180.41","173.61","202.32","169.46","146.58","208.90","118.09"
"1974-12-01","175.93","167.91","203.08","159.51","144.48","201.39","133.33"
"1975-01-01","175.66","164.92","213.58","159.88","151.17","186.01","112.92"
"1975-02-01","175.38","160.74","228.03","161.98","153.96","170.80","141.09"
"1975-03-01","173.55","157.91","230.22","165.37","154.08","162.07","125.84"
"1975-04-01","174.00","158.24","231.14","162.91","157.16","162.16","116.28"
"1975-05-01","176.38","159.72","237.12","161.39","161.07","163.74","113.18"
"1975-06-01","178.19","158.54","251.62","159.70","158.66","163.80","110.08"
"1975-07-01","182.65","164.85","247.82","161.91","160.06","176.16","139.53"
"1975-08-01","186.71","168.98","251.38","164.74","161.32","183.92","130.49"
"1975-09-01","191.26","169.44","273.12","162.06","160.45","187.35","141.60"
"1975-10-01","188.31","165.57","274.63","157.25","158.99","181.77","147.03"
"1975-11-01","185.01","161.04","277.44","155.72","158.21","172.26","131.52"
"1975-12-01","187.26","161.60","287.63","155.17","160.89","171.39","155.56"
"1976-01-01","184.86","158.07","291.09","156.97","153.42","167.65","160.21"
"1976-02-01","183.73","159.54","278.02","156.07","155.68","170.13","156.59"
"1976-03-01","184.23","160.00","278.65","163.89","154.56","167.21","160.98"
"1976-04-01","184.88","160.23","281.11","169.34","154.08","164.85","162.27"
"1976-05-01","184.68","159.88","281.65","169.56","151.29","166.63","162.27"
"1976-06-01","187.24","162.38","284.26","172.00","153.29","169.56","170.80"
"1976-07-01","188.16","162.53","288.62","174.09","157.59","164.20","175.71"
"1976-08-01","185.05","158.86","288.40","169.39","162.06","153.04","188.37"
"1976-09-01","184.68","158.31","288.89","170.30","162.06","151.04","193.54"
"1976-10-01","181.80","151.76","304.57","165.89","157.49","141.34","193.02"
"1976-11-01","180.28","149.97","304.78","165.55","159.04","135.73","204.91"
"1976-12-01","181.04","151.52","301.33","166.42","160.18","137.97","207.49"
"1977-01-01","183.01","153.91","301.08","172.05","161.53","139.28","221.96"
"1977-02-01","187.15","156.28","312.70","174.45","163.21","142.81","209.56"
"1977-03-01","186.27","156.36","307.71","180.27","162.79","140.20","197.42"
"1977-04-01","185.99","155.87","308.37","178.26","159.94","142.82","205.94"
"1977-05-01","185.77","155.45","309.00","176.73","157.80","145.25","194.57"
"1977-06-01","185.80","155.54","308.78","173.69","166.14","138.58","197.67"
"1977-07-01","184.41","154.26","306.96","172.22","170.43","132.08","195.09"
"1977-08-01","185.16","154.88","308.26","168.74","181.15","126.14","200.00"
"1977-09-01","185.87","155.33","310.07","167.89","176.63","131.54","204.13"
"1977-10-01","183.11","150.55","316.65","167.65","162.69","132.29","202.58"
"1977-11-01","188.07","152.91","333.29","166.65","165.72","136.17","204.13"
"1977-12-01","191.49","155.76","339.02","169.02","170.84","137.06","213.95"
"1978-01-01","193.91","158.83","337.99","171.98","175.10","139.40","209.82"
"1978-02-01","194.12","159.05","338.12","169.89","176.54","139.93","204.39"
"1978-03-01","195.94","160.60","341.01","172.33","175.46","143.32","207.49"
"1978-04-01","198.90","163.59","343.47","174.55","173.95","150.90","212.40"
"1978-05-01","203.20","168.57","344.17","175.04","177.29","160.46","208.01"
"1978-06-01","202.01","166.60","346.69","179.42","172.05","158.20","201.81"
"1978-07-01","201.88","166.04","348.66","180.98","177.06","149.99","236.18"
"1978-08-01","202.79","167.10","348.72","186.58","179.31","147.75","234.11"
"1978-09-01","204.09","168.06","351.53","189.58","178.94","148.77","240.05"
"1978-10-01","209.74","174.75","351.79","194.76","189.23","152.81","257.36"
"1978-11-01","210.51","175.23","353.78","194.29","186.96","156.47","250.90"
"1978-12-01","208.92","173.03","355.15","196.01","182.30","154.12","262.79"
"1979-01-01","213.72","178.52","356.51","203.01","190.60","156.58","258.14"
"1979-02-01","221.61","187.32","360.12","219.50","194.90","165.64","272.61"
"1979-03-01","224.91","190.61","363.37","227.20","195.29","169.91","263.31"
"1979-04-01","227.51","193.88","363.15","235.11","197.87","171.34","272.09"
"1979-05-01","232.07","196.27","376.63","240.58","197.87","175.09","259.17"
"1979-06-01","237.66","199.98","390.04","243.71","199.85","181.37","252.20"
"1979-07-01","240.92","201.78","399.53","243.10","207.86","177.91","261.24"
"1979-08-01","247.76","203.52","428.71","247.66","216.45","171.98","254.78"
"1979-09-01","257.61","208.24","461.82","266.73","213.51","176.98","258.66"
"1979-10-01","261.49","210.95","470.87","279.82","214.82","176.28","260.21"
"1979-11-01","262.74","204.24","513.23","280.93","200.19","173.65","257.36"
"1979-12-01","268.94","208.40","529.04","308.47","196.20","176.09","262.79"
"1980-01-01","283.12","219.03","558.92","355.97","203.52","174.43","268.99"
"1980-02-01","288.89","221.43","581.85","366.23","203.52","175.75","262.27"
"1980-03-01","279.75","205.34","619.05","325.02","188.74","168.85","275.45"
"1980-04-01","269.68","193.57","626.65","296.70","179.86","161.95","260.47"
"1980-05-01","275.00","198.54","631.06","286.40","188.99","172.18","211.89"
"1980-06-01","285.01","208.25","637.09","299.27","201.97","178.15","208.27"
"1980-07-01","297.55","221.50","638.78","312.75","211.52","195.36","225.58"
"1980-08-01","296.78","218.89","650.07","310.95","203.99","196.65","231.52"
"1980-09-01","295.75","217.47","652.09","319.05","192.80","199.52","240.31"
"1980-10-01","298.48","219.55","657.62","316.91","196.76","203.08","205.94"
"1980-11-01","298.62","217.60","671.53","294.36","201.55","205.72","220.16"
"1980-12-01","297.03","212.91","692.26","290.71","194.51","202.35","216.02"
"1981-01-01","305.55","215.28","738.75","290.59","201.32","201.63","231.27"
"1981-02-01","312.73","211.67","821.96","284.14","198.93","198.15","227.39"
"1981-03-01","311.76","210.69","822.02","283.83","199.34","195.20","235.92"
"1981-04-01","311.44","209.06","832.81","266.65","203.00","197.18","239.02"
"1981-05-01","315.97","211.60","849.12","275.44","204.53","197.13","247.03"
"1981-06-01","312.01","209.45","834.36","267.68","203.39","196.89","250.65"
"1981-07-01","311.38","210.03","824.35","257.52","210.22","198.11","253.49"
"1981-08-01","305.34","204.20","822.90","263.74","201.04","187.68","255.56"
"1981-09-01","301.86","200.75","823.07","263.62","194.81","185.10","232.82"
"1981-10-01","297.96","197.54","817.81","256.71","191.82","182.87","255.30"
"1981-11-01","297.82","197.56","816.44","249.57","199.13","180.61","250.13"
"1981-12-01","295.84","195.60","816.64","246.41","200.48","176.31","250.90"
"1982-01-01","294.90","193.87","822.33","241.12","196.80","177.32","268.22"
"1982-02-01","292.58","193.08","811.12","239.12","195.90","177.53","249.61"
"1982-03-01","286.81","189.43","794.10","225.92","192.34","177.35","265.89"
"1982-04-01","286.19","191.63","775.87","226.00","190.77","183.62","268.22"
"1982-05-01","288.16","193.83","775.77","221.27","191.21","191.07","255.04"
"1982-06-01","286.26","191.68","776.09","205.74","198.76","187.60","253.49"
"1982-07-01","283.77","188.90","776.28","216.07","189.41","183.27","255.81"
"1982-08-01","280.80","185.69","776.04","220.45","186.51","175.93","258.40"
"1982-09-01","281.45","186.42","775.94","230.00","186.51","173.30","261.50"
"1982-10-01","278.96","181.94","787.54","228.41","181.19","167.88","265.63"
"1982-11-01","281.62","184.99","786.29","223.72","188.00","172.04","243.67"
"1982-12-01","281.42","186.17","777.25","229.24","191.19","169.62","255.30"
"1983-01-01","286.53","191.90","777.27","244.60","196.67","171.73","249.10"
"1983-02-01","283.65","194.26","745.57","258.08","191.54","174.19","322.22"
"1983-03-01","282.15","194.45","735.08","248.34","194.13","176.74","336.43"
"1983-04-01","289.22","199.75","751.22","255.96","196.81","183.98","317.57"
"1983-05-01","293.15","207.32","736.37","265.60","212.15","184.06","324.29"
"1983-06-01","293.51","204.49","753.05","257.80","215.46","181.22","194.83"
"1983-07-01","290.53","200.23","756.89","262.26","204.55","178.18","192.76"
"1983-08-01","286.29","197.67","743.88","265.23","189.41","184.00","202.07"
"1983-09-01","284.01","196.28","736.95","264.07","184.86","185.44","202.58"
"1983-10-01","281.46","195.70","724.14","253.13","191.41","183.16","195.87"
"1983-11-01","281.43","193.73","734.37","247.19","189.60","181.85","233.07"
"1983-12-01","281.38","196.41","719.91","250.32","193.20","184.70","194.83"
"1984-01-01","286.18","199.74","732.32","248.44","198.11","188.36","248.84"
"1984-02-01","287.51","200.70","735.63","252.95","205.88","182.04","180.36"
"1984-03-01","293.63","205.41","749.01","256.44","205.48","187.83","411.89"
"1984-04-01","291.20","204.64","738.12","250.46","203.64","191.73","391.21"
"1984-05-01","288.27","201.54","735.97","243.95","194.30","197.61","383.46"
"1984-06-01","283.78","198.03","726.35","240.86","191.35","196.91","205.94"
"1984-07-01","276.26","193.28","704.62","227.49","188.77","194.03","242.89"
"1984-08-01","276.57","191.86","713.80","226.91","194.92","184.06","215.76"
"1984-09-01","270.80","184.90","714.42","217.12","191.38","174.36","221.45"
"1984-10-01","269.15","185.20","702.47","217.66","190.27","173.53","340.57"
"1984-11-01","265.82","190.43","656.29","225.15","195.17","178.30","332.82"
"1984-12-01","260.15","189.76","626.37","217.95","198.00","178.10","352.20"
"1985-01-01","255.08","188.23","604.64","213.60","197.80","176.96","348.84"
"1985-02-01","258.64","186.12","633.90","216.54","192.59","174.77","340.31"
"1985-03-01","258.68","182.43","651.26","216.92","186.64","170.38","344.70"
"1985-04-01","262.19","184.41","662.44","224.70","184.90","172.41","373.90"
"1985-05-01","260.47","186.55","642.41","224.12","192.90","170.23","369.51"
"1985-06-01","256.97","183.09","638.14","217.46","192.45","170.23","197.67"
"1985-07-01","253.93","178.76","640.78","215.44","188.03","162.43","243.15"
"1985-08-01","249.84","172.48","647.05","213.54","183.42","151.08","245.48"
"1985-09-01","250.13","171.45","653.99","206.25","185.28","150.28","262.79"
"1985-10-01","251.40","171.44","661.86","202.71","181.67","155.77","270.03"
"1985-11-01","254.88","173.15","674.43","199.23","181.67","160.30","378.04"
"1985-12-01","247.78","177.82","609.50","209.71","183.51","164.55","390.70"
"1986-01-01","235.82","176.42","540.31","213.51","182.83","159.62","345.74"
"1986-02-01","217.88","175.04","426.37","210.86","185.11","155.39","317.05"
"1986-03-01","216.83","181.52","386.59","215.08","201.89","153.19","314.21"
"1986-04-01","217.15","182.27","384.83","212.34","206.07","152.93","310.59"
"1986-05-01","223.29","184.33","410.75","212.33","205.66","158.73","326.36"
"1986-06-01","217.02","181.66","386.89","214.63","204.76","151.17","309.30"
"1986-07-01","209.92","180.97","350.00","211.71","206.58","151.52","230.23"
"1986-08-01","217.18","180.27","394.36","215.23","209.56","144.73","226.87"
"1986-09-01","218.82","182.37","393.66","227.51","210.41","141.99","236.18"
"1986-10-01","218.38","184.56","380.67","226.05","215.56","143.00","264.86"
"1986-11-01","218.59","184.92","380.21","218.79","215.80","147.85","269.51"
"1986-12-01","219.42","184.31","387.79","217.34","214.98","146.36","335.14"
"1987-01-01","229.23","188.64","424.38","220.94","226.77","142.37","397.93"
"1987-02-01","232.97","195.21","414.30","225.97","239.60","142.71","461.24"
"1987-03-01","235.89","196.27","426.12","232.58","238.44","143.39","419.38"
"1987-04-01","239.91","198.53","438.66","242.14","236.31","147.89","341.60"
"1987-05-01","246.47","204.07","450.10","252.81","235.16","157.14","394.06"
"1987-06-01","250.32","205.62","465.29","254.36","238.47","158.03","351.68"
"1987-07-01","253.93","208.21","473.90","267.90","243.67","151.72","327.13"
"1987-08-01","252.51","211.05","451.60","279.44","249.21","148.95","264.08"
"1987-09-01","249.28","209.39","440.94","275.94","246.49","148.92","273.90"
"1987-10-01","250.50","211.90","436.20","290.25","243.18","146.73","431.27"
"1987-11-01","246.14","209.20","424.08","287.84","242.86","141.83","400.52"
"1987-12-01","248.09","216.43","403.29","310.34","248.45","142.54","440.05"
"1988-01-01","253.98","223.49","404.26","315.35","258.11","148.25","464.08"
"1988-02-01","255.55","225.88","401.65","314.71","261.75","151.96","445.74"
"1988-03-01","261.74","234.92","394.03","364.29","258.63","149.74","465.37"
"1988-04-01","270.89","242.03","413.02","374.28","266.49","155.28","457.11"
"1988-05-01","275.12","248.26","407.97","393.88","264.47","163.42","467.96"
"1988-06-01","283.12","260.54","397.37","415.23","269.73","180.33","457.11"
"1988-07-01","271.01","249.39","380.40","366.71","271.16","176.90","407.75"
"1988-08-01","268.25","245.73","381.33","371.29","261.67","174.29","410.85"
"1988-09-01","261.31","239.98","368.83","347.75","261.06","172.72","421.45"
"1988-10-01","261.98","243.20","358.78","354.47","264.85","173.35","426.61"
"1988-11-01","264.60","245.70","362.13","372.75","263.81","169.50","462.27"
"1988-12-01","277.52","253.00","399.82","393.12","265.96","175.78","468.99"
"1989-01-01","286.33","256.77","431.23","392.43","272.58","179.57","460.21"
"1989-02-01","284.03","255.47","424.34","384.13","273.09","180.05","463.57"
"1989-03-01","285.81","253.89","441.46","377.21","270.68","182.35","467.96"
"1989-04-01","285.87","249.94","460.50","364.16","272.15","177.99","433.07"
"1989-05-01","282.51","248.56","447.46","351.75","271.04","183.09","432.30"
"1989-06-01","275.49","240.44","445.78","327.96","272.06","179.44","233.59"
"1989-07-01","274.40","239.80","442.59","323.19","273.85","179.05","228.17"
"1989-08-01","271.99","239.88","428.09","332.76","271.92","174.24","248.84"
"1989-09-01","269.93","235.26","438.40","320.16","270.69","170.31","254.01"
"1989-10-01","272.81","236.93","447.20","319.97","269.50","174.10","339.53"
"1989-11-01","272.91","235.78","453.60","311.40","270.17","175.87","339.53"
"1989-12-01","276.44","235.97","474.39","301.53","272.41","182.34","294.57"
"1990-01-01","279.66","233.52","506.12","283.69","276.81","180.47","407.24"
"1990-02-01","276.68","232.70","493.12","283.03","279.39","176.32","401.81"
"1990-03-01","274.14","236.89","461.40","302.97","274.78","178.69","437.47"
"1990-04-01","268.09","237.66","427.45","297.04","274.90","184.15","445.99"
"1990-05-01","269.44","241.51","419.67","297.11","278.17","188.66","598.19"
"1990-06-01","262.25","237.32","400.21","291.34","284.20","183.93","257.88"
"1990-07-01","264.98","233.75","427.27","299.14","276.17","177.45","245.48"
"1990-08-01","287.36","234.27","547.62","323.52","274.08","166.23","266.15"
"1990-09-01","297.96","232.45","623.88","331.37","273.82","158.42","252.97"
"1990-10-01","299.93","227.50","666.22","309.95","268.67","159.40","330.49"
"1990-11-01","286.59","217.87","633.21","290.41","253.41","158.50","363.05"
"1990-12-01","274.40","214.90","569.26","282.43","248.40","159.14","401.55"
"1991-01-01","268.70","214.52","536.40","282.90","245.45","159.66","457.88"
"1991-02-01","257.18","214.20","468.36","278.88","247.60","159.32","456.07"
"1991-03-01","255.40","216.30","448.16","278.84","249.86","162.51","478.55"
"1991-04-01","257.03","215.89","459.28","278.89","246.78","165.28","418.60"
"1991-05-01","257.25","215.24","463.50","268.37","250.53","166.41","454.26"
"1991-06-01","255.94","216.24","451.40","267.61","261.43","163.62","268.73"
"1991-07-01","252.28","209.43","462.51","269.41","246.89","157.20","270.80"
"1991-08-01","244.80","201.20","458.64","262.55","232.89","155.15","182.69"
"1991-09-01","242.61","197.01","466.72","257.88","225.69","152.92","198.45"
"1991-10-01","247.76","198.10","493.07","255.95","226.64","152.94","316.02"
"1991-11-01","247.45","197.97","491.86","256.13","229.99","148.54","351.94"
"1991-12-01","243.78","200.92","453.49","252.86","230.81","153.98","522.51"
"1992-01-01","245.02","204.82","442.39","256.25","234.86","157.73","556.70"
"1992-02-01","247.32","211.43","425.56","263.16","241.90","163.28","612.62"
"1992-03-01","246.82","211.99","420.48","261.99","245.92","161.28","628.18"
"1992-04-01","252.32","214.27","440.42","263.50","246.21","164.92","688.63"
"1992-05-01","254.46","213.63","455.19","263.70","242.06","170.27","567.98"
"1992-06-01","260.00","214.72","481.80","263.51","243.54","170.46","625.22"
"1992-07-01","256.82","214.05","466.61","271.15","241.54","167.00","568.23"
"1992-08-01","255.48","211.63","470.32","269.35","243.44","161.18","508.16"
"1992-09-01","258.70","212.22","486.37","264.80","249.09","159.73","528.50"
"1992-10-01","254.56","204.98","498.02","251.17","238.29","158.82","536.28"
"1992-11-01","253.24","208.01","474.76","241.82","250.34","162.17","536.57"
"1992-12-01","255.98","214.05","461.83","245.88","258.90","165.17","651.44"
"1993-01-01","256.31","216.78","451.18","246.00","265.02","166.54","654.84"
"1993-02-01","266.81","229.64","452.07","245.38","304.60","166.15","678.11"
"1993-03-01","276.25","238.86","463.21","240.54","333.53","169.58","683.52"
"1993-04-01","265.84","225.12","466.64","238.95","292.74","169.29","621.96"
"1993-05-01","257.89","213.97","473.46","241.53","255.83","170.82","635.41"
"1993-06-01","250.80","212.15","441.31","243.53","251.68","169.08","611.62"
"1993-07-01","246.38","210.89","422.49","248.88","242.23","173.69","529.24"
"1993-08-01","248.94","212.42","429.77","242.29","252.21","172.75","503.61"
"1993-09-01","249.91","213.31","431.18","230.87","265.55","169.39","525.15"
"1993-10-01","249.74","214.30","425.98","229.30","268.84","168.56","584.70"
"1993-11-01","257.35","226.14","416.65","229.35","297.57","175.28","572.99"
"1993-12-01","260.57","235.39","396.98","239.60","316.09","177.29","569.67"
"1994-01-01","261.62","238.05","392.59","248.57","309.86","182.95","635.88"
"1994-02-01","264.12","240.27","396.64","255.55","313.31","182.43","579.90"
"1994-03-01","262.14","238.01","395.34","256.50","309.55","177.98","614.08"
"1994-04-01","255.70","228.05","402.14","253.44","283.52","177.96","610.67"
"1994-05-01","265.64","236.91","417.66","264.40","303.12","176.34","596.09"
"1994-06-01","268.65","240.46","418.95","273.93","312.90","170.09","615.32"
"1994-07-01","266.43","235.94","425.83","279.84","305.74","161.17","608.99"
"1994-08-01","263.63","236.34","409.67","274.43","311.32","160.29","614.24"
"1994-09-01","257.02","232.59","390.61","287.26","298.40","154.93","613.21"
"1994-10-01","258.03","237.08","378.59","296.51","309.41","152.15","593.47"
"1994-11-01","268.48","245.47","398.38","313.35","321.26","153.19","630.34"
"1994-12-01","266.82","244.44","394.05","316.75","311.07","158.32","598.15"
"1995-01-01","273.27","253.08","392.53","329.51","322.28","162.13","650.34"
"1995-02-01","270.88","251.15","387.86","312.90","324.48","162.72","702.27"
"1995-03-01","270.75","252.30","382.23","307.68","331.40","161.92","707.38"
"1995-04-01","272.77","249.86","404.14","312.76","321.73","161.55","726.06"
"1995-05-01","273.28","249.72","407.73","304.89","323.73","164.76","673.77"
"1995-06-01","276.33","257.77","389.10","311.05","330.83","176.80","645.90"
"1995-07-01","280.66","268.25","368.83","320.07","344.28","186.50","659.85"
"1995-08-01","281.01","268.16","370.97","321.86","349.41","179.13","695.11"
"1995-09-01","288.27","274.36","383.44","310.30","374.11","180.67","632.25"
"1995-10-01","285.37","272.17","377.37","302.35","369.94","183.13","652.75"
"1995-11-01","289.71","274.18","391.56","307.52","371.45","182.82","701.14"
"1995-12-01","294.69","273.87","419.25","304.60","368.11","188.53","638.68"
"1996-01-01","289.39","263.35","434.87","299.65","346.79","184.40","607.74"
"1996-02-01","288.98","264.09","430.43","302.08","343.89","186.89","624.41"
"1996-03-01","292.92","260.91","461.93","301.72","332.55","188.25","650.04"
"1996-04-01","301.34","265.09","488.48","299.75","334.07","198.63","657.62"
"1996-05-01","300.69","275.26","445.86","299.77","348.30","214.02","596.84"
"1996-06-01","293.92","269.63","433.77","283.81","345.46","210.92","630.75"
"1996-07-01","295.85","267.82","449.76","277.21","349.87","205.72","662.05"
"1996-08-01","298.77","268.90","460.08","278.38","364.79","195.51","643.94"
"1996-09-01","290.68","255.78","470.99","274.16","349.49","178.58","605.94"
"1996-10-01","294.54","256.64","487.66","269.25","356.05","175.02","798.12"
"1996-11-01","302.68","259.75","518.16","278.78","358.63","174.73","821.56"
"1996-12-01","311.24","254.36","593.93","278.14","347.72","170.72","810.71"
"1997-01-01","313.29","253.89","609.35","284.74","341.36","170.16","870.14"
"1997-02-01","295.76","251.99","517.40","288.09","339.26","165.90","822.91"
"1997-03-01","281.38","255.36","431.41","293.50","339.76","169.11","938.44"
"1997-04-01","279.37","257.99","412.65","283.54","350.95","173.13","871.75"
"1997-05-01","284.43","257.69","437.69","290.05","342.73","174.85","917.24"
"1997-06-01","279.75","253.32","430.93","286.73","337.70","170.95","854.51"
"1997-07-01","276.67","250.58","425.95","283.76","333.18","170.55","799.29"
"1997-08-01","276.04","250.02","424.95","288.62","328.12","172.36","705.38"
"1997-09-01","272.36","241.57","438.48","280.96","315.87","165.70","717.25"
"1997-10-01","281.73","240.81","490.53","275.99","314.23","163.68","1014.18"
"1997-11-01","283.29","241.23","497.16","267.21","321.37","163.15","1051.72"
"1997-12-01","263.89","231.53","434.72","257.13","308.72","157.50","890.32"
"1998-01-01","252.27","223.93","404.08","252.99","294.94","152.17","923.87"
"1998-02-01","249.85","226.81","379.37","253.26","303.04","151.78","974.73"
"1998-03-01","246.61","224.15","373.42","251.46","292.70","155.28","950.34"
"1998-04-01","251.62","229.02","379.69","254.02","305.24","155.35","954.50"
"1998-05-01","246.72","223.42","376.88","245.82","289.44","160.31","922.11"
"1998-06-01","237.64","218.70","349.44","237.16","288.56","155.16","856.41"
"1998-07-01","238.24","215.78","363.68","237.53","291.07","144.95","874.03"
"1998-08-01","232.75","214.58","340.60","233.97","302.82","134.93","866.67"
"1998-09-01","229.85","208.91","348.05","235.96","286.66","132.99","832.80"
"1998-10-01","229.77","205.69","360.74","232.57","277.54","134.28","835.36"
"1998-11-01","230.10","207.81","353.99","233.22","288.27","130.07","887.40"
"1998-12-01","224.05","204.43","336.05","227.19","290.57","125.10","789.98"
"1999-01-01","230.73","212.29","341.21","226.51","297.94","137.66","853.02"
"1999-02-01","227.32","213.91","322.25","228.07","302.32","137.13","852.32"
"1999-03-01","233.34","212.11","353.15","228.10","296.98","135.76","944.13"
"1999-04-01","242.73","213.56","390.21","234.30","295.34","138.85","836.67"
"1999-05-01","255.57","220.91","424.67","238.66","307.61","143.61","885.81"
"1999-06-01","259.94","226.08","426.90","233.14","326.37","144.93","834.45"
"1999-07-01","269.28","230.42","455.91","243.12","342.35","137.20","859.55"
"1999-08-01","268.57","221.58","486.84","249.08","309.15","138.78","863.65"
"1999-09-01","277.56","220.21","541.39","257.84","304.18","134.82","887.47"
"1999-10-01","270.58","217.41","515.33","265.25","289.41","136.81","883.95"
"1999-11-01","290.37","228.41","575.45","263.72","316.45","141.34","888.85"
"1999-12-01","284.45","228.48","542.17","268.96","313.36","142.06","848.53"
"2000-01-01","294.22","233.76","565.36","276.91","319.12","145.98","858.49"
"2000-02-01","307.71","236.75","613.54","281.78","320.86","148.10","930.61"
"2000-03-01","310.74","234.55","633.99","275.79","314.45","152.09","894.26"
"2000-04-01","304.06","232.47","611.03","265.04","310.84","155.36","940.81"
"2000-05-01","319.84","227.64","700.91","267.73","297.29","154.07","925.86"
"2000-06-01","337.88","225.40","798.40","265.17","293.11","154.29","886.75"
"2000-07-01","325.77","222.38","749.14","267.97","282.58","154.78","899.42"
"2000-08-01","329.76","214.60","802.96","264.96","270.24","147.56","907.66"
"2000-09-01","345.55","214.55","889.27","273.51","272.14","142.75","799.02"
"2000-10-01","338.52","209.39","875.20","260.38","264.46","143.30","817.85"
"2000-11-01","350.94","210.63","941.05","255.15","269.37","145.03","797.66"
"2000-12-01","369.09","210.52","1050.88","261.81","260.47","149.12","859.16"
"2001-01-01","356.52","206.09","1002.45","262.36","253.63","144.31","858.88"
"2001-02-01","323.98","206.33","816.36","258.25","258.34","140.84","987.50"
"2001-03-01","316.14","211.51","753.62","250.26","266.34","151.44","962.75"
"2001-04-01","322.98","219.01","758.65","248.58","279.45","159.36","1008.29"
"2001-05-01","324.19","240.48","688.74","254.93","328.19","170.50","915.18"
"2001-06-01","306.09","232.10","634.30","247.22","305.14","174.79","835.71"
"2001-07-01","282.40","221.28","563.99","239.18","278.37","174.58","877.26"
"2001-08-01","282.95","224.84","556.60","234.60","296.04","171.91","816.06"
"2001-09-01","255.54","217.26","466.52","230.75","279.35","167.32","918.13"
"2001-10-01","242.64","200.28","458.39","225.65","246.37","158.78","737.46"
"2001-11-01","233.42","200.22","422.60","228.72","246.07","155.76","802.81"
"2001-12-01","236.88","200.74","433.92","231.91","243.49","157.76","802.71"
"2002-01-01","238.73","205.88","427.57","237.66","250.41","159.94","884.82"
"2002-02-01","246.23","211.34","443.20","240.33","260.12","160.95","1037.94"
"2002-03-01","273.81","216.58","543.13","245.47","274.44","159.44","955.03"
"2002-04-01","281.40","210.52","595.36","245.66","262.96","156.50","815.56"
"2002-05-01","283.77","209.96","608.12","244.88","258.76","157.20","940.92"
"2002-06-01","273.89","207.45","570.95","249.16","251.62","157.33","809.13"
"2002-07-01","274.67","208.92","569.74","246.17","250.43","164.55","826.33"
"2002-08-01","275.12","202.59","593.34","238.59","239.85","163.38","785.33"
"2002-09-01","280.80","196.44","643.06","240.18","225.92","160.55","750.38"
"2002-10-01","288.12","197.26","676.33","240.80","225.62","161.91","796.72"
"2002-11-01","279.38","196.37","635.90","248.48","218.50","160.73","895.47"
"2002-12-01","300.33","200.14","728.41","250.96","228.02","161.10","804.09"
"2003-01-01","322.29","202.70","823.51","258.35","230.55","160.26","851.11"
"2003-02-01","362.81","209.69","1001.79","263.86","244.52","161.32","892.94"
"2003-03-01","334.44","208.01","862.51","257.53","240.98","161.16","1050.83"
"2003-04-01","314.75","213.33","751.38","249.59","258.13","163.09","1102.45"
"2003-05-01","325.75","216.98","789.28","260.82","257.14","169.64","960.73"
"2003-06-01","339.19","225.98","821.72","263.27","280.75","170.59","950.41"
"2003-07-01","325.31","223.79","766.65","266.49","279.33","164.92","897.27"
"2003-08-01","330.88","230.05","772.74","271.42","297.10","162.77","903.79"
"2003-09-01","320.08","237.18","708.06","273.85","318.01","163.59","843.92"
"2003-10-01","321.95","230.24","734.20","283.06","291.81","164.64","737.71"
"2003-11-01","324.81","236.30","729.93","292.09","296.32","169.37","816.90"
"2003-12-01","356.73","238.23","862.93","307.13","297.10","166.12","782.26"
"2004-01-01","370.24","248.81","890.14","317.23","317.15","168.62","891.80"
"2004-02-01","368.41","261.25","846.97","325.02","341.09","176.06","899.98"
"2004-03-01","378.15","266.85","872.94","323.93","343.92","189.75","882.18"
"2004-04-01","389.41","275.51","896.91","322.37","371.72","191.53","853.43"
"2004-05-01","412.30","278.46","987.12","303.48","389.56","198.81","842.10"
"2004-06-01","404.66","277.63","956.22","314.75","373.92","199.90","892.44"
"2004-07-01","407.98","278.97","966.68","325.02","374.70","194.66","933.40"
"2004-08-01","413.07","282.40","979.00","324.57","394.53","187.49","962.05"
"2004-09-01","404.66","276.46","960.51","330.30","371.81","187.52","910.41"
"2004-10-01","437.52","264.70","1149.08","347.23","326.61","184.23","885.31"
"2004-11-01","422.89","267.38","1070.27","352.26","320.08","191.52","1016.24"
"2004-12-01","420.88","271.09","1048.47","355.25","339.02","182.54","1017.51"
"2005-01-01","430.08","273.48","1073.51","357.17","348.02","181.46","978.48"
"2005-02-01","438.92","283.01","1085.47","365.75","372.53","180.20","1036.97"
"2005-03-01","477.07","290.15","1225.60","378.03","375.21","186.52","1144.55"
"2005-04-01","475.23","283.65","1235.99","371.41","359.57","187.05","1111.08"
"2005-05-01","448.28","276.83","1140.28","361.99","343.35","189.65","1063.01"
"2005-06-01","477.63","276.23","1268.29","363.58","343.22","189.17","945.37"
"2005-07-01","489.39","271.93","1333.37","361.00","334.16","185.72","1010.79"
"2005-08-01","534.32","268.45","1555.81","371.84","314.54","186.48","993.78"
"2005-09-01","588.00","274.98","1793.53","371.33","335.93","185.43","1004.65"
"2005-10-01","588.52","271.53","1810.05","374.95","321.05","186.25","1030.98"
"2005-11-01","536.81","278.80","1528.75","389.11","331.89","185.54","1110.61"
"2005-12-01","582.12","288.24","1711.41","416.39","338.81","185.74","1201.18"
"2006-01-01","548.73","297.48","1518.79","441.43","350.54","184.73","1056.85"
"2006-02-01","522.96","300.82","1390.05","454.52","345.22","185.52","1245.29"
"2006-03-01","516.83","301.48","1360.54","460.64","339.17","187.68","1252.48"
"2006-04-01","551.87","317.31","1467.13","518.86","342.60","188.69","1113.23"
"2006-05-01","548.17","332.96","1403.58","577.74","339.22","196.99","991.64"
"2006-06-01","538.28","320.50","1397.05","530.22","330.88","202.19","976.36"
"2006-07-01","553.71","330.51","1435.56","572.10","328.19","204.75","941.03"
"2006-08-01","567.43","326.79","1507.18","592.06","316.59","195.13","838.77"
"2006-09-01","496.80","326.41","1205.61","585.12","316.66","196.29","942.82"
"2006-10-01","499.66","324.66","1222.48","606.79","295.59","198.31","976.33"
"2006-11-01","531.87","326.66","1351.01","612.47","297.90","199.92","877.96"
"2006-12-01","531.37","332.29","1333.86","625.32","305.91","198.00","951.52"
"2007-01-01","501.90","332.71","1210.11","620.37","312.77","195.57","984.37"
"2007-02-01","544.88","341.73","1368.20","643.70","309.81","206.06","976.24"
"2007-03-01","540.54","345.94","1337.57","667.38","300.69","209.09","1053.17"
"2007-04-01","567.45","357.57","1419.86","708.01","300.07","212.62","1266.58"
"2007-05-01","569.69","361.66","1417.65","712.39","303.04","222.06","981.21"
"2007-06-01","572.86","355.83","1448.64","656.87","321.28","224.72","923.17"
"2007-07-01","566.37","349.52","1439.21","626.96","319.65","225.90","1025.93"
"2007-08-01","551.28","335.82","1414.54","575.57","315.45","227.36","985.12"
"2007-09-01","567.02","336.86","1481.98","583.86","300.78","237.76","945.29"
"2007-10-01","598.38","339.80","1616.99","605.83","291.44","239.91","916.61"
"2007-11-01","627.62","340.91","1752.10","600.25","299.58","239.35","921.52"
"2007-12-01","617.23","335.45","1722.35","561.44","296.25","252.84","991.56"
"2008-01-01","648.78","347.36","1835.94","593.56","285.91","268.37","1120.23"
"2008-02-01","686.64","378.79","1909.39","632.56","286.49","322.86","1146.40"
"2008-03-01","728.23","378.97","2095.35","665.73","283.60","303.01","1214.56"
"2008-04-01","766.67","388.81","2239.74","714.70","297.23","289.45","1103.59"
"2008-05-01","829.62","397.64","2504.28","732.17","309.85","292.77","1024.43"
"2008-06-01","881.31","397.64","2755.75","717.32","318.10","297.67","887.74"
"2008-07-01","860.70","396.86","2659.45","719.24","330.60","285.32","945.29"
"2008-08-01","748.85","381.06","2182.62","670.52","341.47","271.88","806.42"
"2008-09-01","687.11","358.25","1974.57","638.28","325.41","245.94","917.08"
"2008-10-01","545.82","308.26","1498.21","544.65","292.16","208.17","749.06"
"2008-11-01","469.49","290.99","1219.71","494.62","279.65","203.88","760.22"
"2008-12-01","391.92","271.84","954.66","454.00","259.45","195.45","749.73"
"2009-01-01","399.85","280.16","963.17","468.65","247.71","207.92","983.82"
"2009-02-01","381.79","279.43","892.46","475.95","243.45","205.58","942.96"
"2009-03-01","410.36","281.13","1003.44","492.21","235.03","205.43","968.73"
"2009-04-01","413.11","286.84","1000.71","504.90","236.82","211.39","889.01"
"2009-05-01","456.04","295.69","1157.79","523.97","233.58","222.40","904.88"
"2009-06-01","491.81","300.91","1298.79","551.41","241.41","218.92","748.29"
"2009-07-01","462.75","295.07","1188.23","552.49","240.17","205.51","873.35"
"2009-08-01","484.47","301.21","1265.49","586.52","249.89","201.35","710.55"
"2009-09-01","466.86","291.21","1217.18","563.69","248.34","191.95","728.28"
"2009-10-01","507.80","297.02","1383.87","580.08","253.81","193.45","752.82"
"2009-11-01","518.20","309.58","1391.57","599.03","270.14","200.90","799.25"
"2009-12-01","545.47","316.51","1493.94","622.33","279.50","200.23","821.97"
"2010-01-01","568.36","321.15","1585.06","618.11","284.47","206.61","934.32"
"2010-02-01","555.62","322.66","1519.90","594.35","310.44","207.46","999.75"
"2010-03-01","562.19","333.72","1514.66","615.02","314.21","215.50","1206.19"
"2010-04-01","574.73","347.40","1529.20","639.05","341.73","220.47","1051.09"
"2010-05-01","538.76","337.79","1397.84","612.47","332.79","217.11","1142.42"
"2010-06-01","542.67","323.25","1458.71","588.71","304.32","217.04","885.34"
"2010-07-01","542.42","326.94","1446.01","591.38","302.43","224.08","920.76"
"2010-08-01","540.14","338.15","1403.50","615.22","305.47","235.50","863.04"
"2010-09-01","530.76","346.38","1339.14","634.15","311.66","241.67","787.60"
"2010-10-01","561.89","355.46","1448.50","664.55","320.72","240.65","769.62"
"2010-11-01","580.40","363.57","1506.48","670.50","332.02","247.73","845.14"
"2010-12-01","612.64","379.95","1601.25","685.22","343.81","268.44","939.93"
"2011-01-01","625.52","393.05","1619.83","695.84","347.71","288.99","985.10"
"2011-02-01","632.97","412.46","1597.92","735.68","352.43","305.53","1048.72"
"2011-03-01","685.37","410.77","1835.41","725.06","350.01","309.80","1034.43"
"2011-04-01","721.02","415.50","1985.33","743.71","332.99","320.33","927.12"
"2011-05-01","684.05","405.18","1847.47","722.81","320.00","316.10","922.67"
"2011-06-01","667.94","406.14","1770.69","723.68","324.46","314.94","943.41"
"2011-07-01","681.24","422.11","1781.68","779.92","335.78","310.33","997.37"
"2011-08-01","642.44","414.18","1633.76","778.36","317.53","304.41","915.47"
"2011-09-01","636.96","404.20","1637.96","757.16","325.39","291.01","863.14"
"2011-10-01","622.63","386.83","1625.58","715.62","308.82","285.37","813.51"
"2011-11-01","649.63","388.53","1742.31","718.26","303.43","289.09","884.52"
"2011-12-01","648.52","387.95","1739.02","715.39","308.38","286.65","894.74"
"2012-01-01","640.70","399.90","1664.73","752.13","312.02","291.11","943.50"
"2012-02-01","640.54","414.60","1619.04","775.97","320.93","304.11","1018.00"
"2012-03-01","649.48","416.13","1653.84","759.92","321.92","314.87","1021.17"
"2012-04-01","648.88","413.18","1660.09","740.20","325.75","317.35","1004.61"
"2012-05-01","626.61","405.78","1583.32","718.09","339.26","308.15","943.57"
"2012-06-01","566.63","398.93","1343.42","698.99","331.60","307.82","917.36"
"2012-07-01","585.59","384.29","1464.90","627.97","333.14","316.91","900.63"
"2012-08-01","627.78","400.06","1605.20","695.41","333.78","311.76","891.33"
"2012-09-01","641.98","405.34","1653.15","733.52","326.68","304.91","941.62"
"2012-10-01","621.39","406.77","1557.47","728.84","331.18","309.52","881.88"
"2012-11-01","593.37","405.67","1438.45","715.59","350.02","305.42","893.38"
"2012-12-01","595.43","412.26","1429.73","727.02","367.27","305.11","934.78"
"2013-01-01","602.20","399.64","1492.19","666.48","372.22","307.37","1024.35"
"2013-02-01","621.94","403.31","1566.25","664.11","382.75","311.42","1043.55"
"2013-03-01","623.40","395.31","1595.41","643.28","386.42","303.39","1091.14"
"2013-04-01","626.10","388.16","1627.51","624.88","376.15","302.22","1132.35"
"2013-05-01","620.47","381.24","1623.02","611.70","350.38","307.58","1060.55"
"2013-06-01","623.95","374.20","1660.36","594.33","338.74","307.58","1071.08"
"2013-07-01","642.80","367.94","1767.55","580.51","349.95","296.26","1078.55"
"2013-08-01","640.10","368.21","1753.96","594.81","350.25","287.90","1108.52"
"2013-09-01","631.57","363.16","1731.27","590.28","365.33","273.34","1102.81"
"2013-10-01","604.27","361.63","1610.73","591.51","370.21","267.32","1114.42"
"2013-11-01","574.86","360.54","1482.44","579.67","383.38","265.87","1145.21"
"2013-12-01","607.23","355.59","1643.32","573.90","383.10","258.69","1171.29"
"2014-01-01","613.00","359.51","1658.61","581.87","383.26","259.91","1368.75"
"2014-02-01","638.50","356.51","1780.44","565.52","383.15","263.90","1326.56"
"2014-03-01","635.52","366.97","1736.00","563.62","377.66","293.20","1312.69"
"2014-04-01","646.68","372.76","1768.12","582.54","371.22","294.92","1473.69"
"2014-05-01","646.24","373.26","1764.70","588.87","368.62","296.95","1267.48"
"2014-06-01","655.66","373.18","1806.68","589.87","362.23","301.24","1187.37"
"2014-07-01","639.51","379.30","1718.05","597.67","371.13","302.05","1398.21"
"2014-08-01","617.56","373.82","1638.34","594.64","378.66","290.34","1206.75"
"2014-09-01","607.07","363.70","1620.83","578.82","374.53","278.26","1220.53"
"2014-10-01","570.56","359.73","1476.76","562.47","373.28","280.37","1209.39"
"2014-11-01","536.44","359.01","1338.30","560.64","366.82","283.91","1170.44"
"2014-12-01","455.89","356.72","1034.00","551.51","372.14","281.68","1176.50"
"2015-01-01","398.30","346.98","829.23","544.85","360.46","266.75","1300.57"
"2015-02-01","407.23","340.20","887.09","539.79","351.95","259.38","1251.90"
"2015-03-01","393.01","336.46","833.92","530.60","333.69","263.57","1317.27"
"2015-04-01","417.16","335.18","948.59","538.60","318.66","260.51","1503.55"
"2015-05-01","443.03","338.67","1062.41","546.57","315.32","267.03","1404.91"
"2015-06-01","443.06","339.14","1060.97","527.97","336.31","272.26","1188.73"
"2015-07-01","400.66","329.62","887.71","505.50","327.06","268.55","1188.67"
"2015-08-01","352.57","312.58","720.65","484.89","309.47","251.60","1128.87"
"2015-09-01","362.28","303.58","786.42","488.37","295.76","238.15","1006.86"
"2015-10-01","361.89","305.72","778.95","492.09","307.08","234.99","1033.26"
"2015-11-01","342.85","296.65","718.98","469.54","304.25","228.67","1055.11"
"2015-12-01","316.40","289.62","624.48","460.34","310.57","215.43","1087.94"
"2016-01-01","292.92","286.38","534.22","457.28","303.61","211.34","1229.53"
"2016-02-01","290.87","294.79","507.35","478.02","307.35","214.33","1372.86"
"2016-03-01","329.16","305.96","635.92","490.06","334.27","220.01","1355.54"
"2016-04-01","344.24","309.47","692.71","497.07","334.51","224.38","1295.87"
"2016-05-01","369.95","313.09","799.26","499.58","346.44","227.53","1176.38"
"2016-06-01","380.92","312.94","852.18","506.62","345.38","224.82","1128.00"
"2016-07-01","366.42","313.42","781.58","525.91","359.88","209.50","1184.65"
"2016-08-01","361.65","308.62","773.99","508.75","360.04","208.37","1173.13"
"2016-09-01","360.31","300.89","790.53","502.03","356.03","197.17","1230.65"
"2016-10-01","376.62","299.43","876.09","495.61","360.00","196.47","1197.00"
"2016-11-01","361.75","302.53","792.35","507.00","354.49","199.08","1197.12"
"2016-12-01","388.78","304.70","919.91","494.91","357.14","207.45","1239.72"
"2017-01-01","398.40","310.00","953.59","500.87","360.55","212.38","1329.93"
"2017-02-01","409.90","328.19","953.84","540.08","389.67","217.65","1361.16"
"2017-03-01","393.49","321.25","898.45","516.34","393.51","213.71","1413.00"
"2017-04-01","410.04","326.40","959.87","524.15","411.00","213.68","1424.68"
"2017-05-01","401.57","327.29","918.38","519.63","403.22","223.46","1231.50"
"2017-06-01","388.67","332.93","846.59","520.42","399.49","237.11","1170.94"
"2017-07-01","399.54","340.22","875.15","523.08","410.80","245.56","1231.32"
"2017-08-01","404.85","341.65","894.63","549.13","405.98","236.45","1221.64"
"2017-09-01","409.96","342.20","915.97","560.83","420.27","227.04","1185.76"
"2017-10-01","418.18","345.48","943.55","559.71","445.03","225.51","1190.80"
"2017-11-01","436.38","352.43","1006.87","560.86","461.26","232.89","1203.23"
"2017-12-01","420.92","347.78","949.90","552.30","457.50","228.63","1243.29"
"2018-01-01","446.99","361.00","1029.88","575.99","481.00","233.29","1336.78"
"2018-02-01","436.32","365.76","972.02","577.25","499.65","235.71","1340.47"
"2018-03-01","445.79","364.21","1016.89","566.86","505.27","234.40","1462.79"
"2018-04-01","478.64","375.03","1133.46","583.76","528.40","234.18","1832.17"
"2018-05-01","495.50","379.74","1197.36","584.93","568.67","240.05","1181.08"
"2018-06-01","479.40","375.26","1136.68","584.84","557.01","235.33","1152.98"
"2018-07-01","475.01","360.36","1158.47","557.32","534.14","226.39","1231.80"
"2018-08-01","448.30","345.87","1076.69","544.38","489.58","220.68","1119.59"
"2018-09-01","446.79","337.86","1092.60","538.09","460.72","217.00","1172.69"
"2018-10-01","419.96","334.72","980.28","543.72","417.05","222.79","1204.14"
"2018-11-01","372.02","332.14","783.23","535.16","426.35","219.10","1167.97"
"2018-12-01","389.10","329.10","860.11","536.99","418.10","213.87","1227.03"
"2019-01-01","413.21","334.24","952.05","540.78","429.18","218.16","1273.64"
"2019-02-01","429.42","345.32","994.29","554.61","460.37","222.08","1345.55"
"2019-03-01","444.23","344.01","1064.93","564.68","429.85","222.53","1378.93"
"2019-04-01","462.46","341.75","1157.56","566.31","404.98","224.45","1418.74"
"2019-05-01","437.96","333.22","1067.61","554.83","396.62","220.44","1169.58"
"2019-06-01","418.88","339.97","961.89","564.59","410.40","223.90","1193.70"
"2019-07-01","430.60","341.53","1009.96","580.82","399.82","220.91","1231.57"
"2019-08-01","419.45","339.90","964.38","597.01","388.90","213.95","1166.64"
"2019-09-01","428.48","337.55","1011.21","605.36","380.92","206.39","1252.67"
"2019-10-01","410.06","338.88","925.73","599.89","379.28","212.25","1250.99"
"2019-11-01","416.31","340.77","948.26","594.37","385.18","216.79","1252.59"
"2019-12-01","423.25","341.64","976.54","592.33","391.09","217.79","1235.73"
"2020-01-01","412.32","347.45","904.01","605.34","394.65","220.57","1283.02"
"2020-02-01","394.48","344.81","824.54","593.78","412.98","215.81","1218.89"
"2020-03-01","298.63","324.87","486.49","577.18","345.67","209.40","1179.83"
"2020-04-01","230.79","315.13","275.90","576.28","326.25","198.65","1087.33"
"2020-05-01","322.47","327.14","546.16","585.87","352.50","206.85","1155.43"
"2020-06-01","363.03","336.09","688.76","602.48","381.10","205.47","1179.03"
"2020-07-01","387.13","359.59","731.44","636.99","467.14","205.38","1198.30"
"2020-08-01","412.58","388.57","765.61","668.30","589.60","211.57","1153.19"
"2020-09-01","406.70","393.24","730.20","667.25","586.72","220.77","1283.47"
"2020-10-01","402.37","380.44","743.51","670.51","473.97","225.05","1340.76"
"2020-11-01","415.45","389.09","777.36","675.98","502.15","230.43","1318.25"
"2020-12-01","445.14","414.73","838.09","689.23","621.04","239.40","1330.00"
"2021-01-01","481.67","427.50","950.11","699.04","638.22","255.86","1365.17"
"2021-02-01","537.11","451.48","1114.98","713.47","724.75","267.75","1400.94"
"2021-03-01","555.87","460.56","1170.00","715.12","733.75","280.82","1536.52"
"2021-04-01","576.61","501.86","1158.36","737.10","913.52","301.38","1446.05"
"2021-05-01","613.98","546.10","1208.43","793.14","1051.28","319.77","1464.46"
"2021-06-01","623.69","511.91","1325.67","808.49","799.03","315.14","1522.13"
"2021-07-01","619.45","488.35","1366.30","845.54","572.62","329.56","1748.44"
"2021-08-01","591.74","472.54","1289.42","859.54","484.41","332.32","1684.23"
"2021-09-01","617.98","480.51","1381.03","878.83","522.98","316.74","1753.28"
"2021-10-01","679.20","503.84","1586.65","896.85","603.94","318.89","1736.34"
"2021-11-01","665.10","507.01","1516.43","894.40","595.89","331.35","1793.02"
"2021-12-01","640.03","551.17","1298.71","889.66","831.08","333.33","1765.88"
"2022-01-01","711.67","569.22","1528.32","913.36","888.25","337.51","1803.56"
"2022-02-01","778.50","589.71","1736.84","943.05","920.39","349.96","1940.58"
"2022-03-01","882.05","637.19","2036.43","1056.11","935.34","376.49","2038.62"
"2022-04-01","864.32","632.05","1977.56","1086.08","801.46","389.77","1916.26"
"2022-05-01","889.08","603.29","2146.11","1015.32","737.83","394.61","1619.48"
"2022-06-01","869.50","565.51","2162.14","978.12","612.88","379.86","1649.24"
"2022-07-01","779.04","531.37","1872.70","900.65","628.73","344.94","1716.08"
"2022-08-01","744.41","520.19","1759.02","887.90","582.83","346.53","1612.59"
"2022-09-01","682.45","488.01","1586.61","820.45","544.48","328.20","1744.40"
"2022-10-01","671.37","478.90","1563.72","784.95","546.84","326.69","1782.41"
"2022-11-01","652.78","480.63","1487.09","794.39","520.47","335.55","1717.88"
"2022-12-01","610.14","474.62","1336.56","803.18","482.97","333.53","1703.52"
"2023-01-01","619.17","480.07","1358.55","825.77","497.50","328.90","1657.63"
"2023-02-01","623.59","478.16","1379.72","808.07","502.25","329.13","1815.34"
"2023-03-01","606.59","461.71","1349.97","781.29","472.43","320.91","1824.36"
"2023-04-01","633.72","459.63","1460.02","777.08","461.35","321.67","1920.73"
"2023-05-01","590.47","441.02","1331.47","742.12","432.28","318.14","1610.63"
"2023-06-01","589.86","440.46","1330.29","708.12","448.32","327.32","1684.11"
"2023-07-01","618.63","450.59","1421.01","713.37","457.81","342.35","1667.89"
"2023-08-01","626.32","436.55","1485.86","713.57","437.04","322.20","1590.67"
"2023-09-01","649.52","424.98","1614.09","712.68","422.71","304.45","1596.22"
"2023-10-01","619.45","414.30","1514.88","700.26","417.01","291.05","1621.40"
